key,building,duration,resource1,quantity1,resource2,quantity2,resource3,quantity3,resource4,quantity4,resource5,quantity5,resource6,quantity6,power
actual snow,constructor,12,actual snow,2,,,ficsmas gift,-5,,,,,,,
adaptive control unit,manufacturer,60,adaptive control unit,1,,,automated wiring,-5,circuit board,-5,heavy modular frame,-1,computer,-2,
adhered iron plate,assembler,16,reinforced iron plate,1,,,iron plate,-3,rubber,-1,,,,,
ai expansion server,quantum encoder,15,ai expansion server,1,dark matter residue,25,magnetic field generator,-1,neural-quantum processor,-1,superposition oscillator,-1,excited photonic matter,-25,
ai limiter,assembler,12,ai limiter,1,,,copper sheet,-5,quickwire,-20,,,,,
alclad aluminum sheet,assembler,6,alclad aluminum sheet,3,,,aluminum ingot,-3,copper ingot,-1,,,,,
alclad casing,assembler,8,aluminum casing,15,,,aluminum ingot,-20,copper ingot,-10,,,,,
alien dna capsule,constructor,6,alien dna capsule,1,,,alien protein,-1,,,,,,,
alien power matrix,quantum encoder,24,alien power matrix,1,dark matter residue,24,sam fluctuator,-5,power shard,-3,superposition oscillator,-3,excited photonic matter,-24,
alien power matrix boost,alien power augmenter,60,,,,,alien power matrix,-5,,,,,,,
alumina solution,refinery,6,alumina solution,12,silica,5,bauxite,-12,water,-18,,,,,
aluminum beam,constructor,8,steel beam,3,,,aluminum ingot,-3,,,,,,,
aluminum casing,constructor,2,aluminum casing,2,,,aluminum ingot,-3,,,,,,,
aluminum ingot,foundry,4,aluminum ingot,4,,,aluminum scrap,-6,silica,-5,,,,,
aluminum rod,constructor,8,iron rod,7,,,aluminum ingot,-1,,,,,,,
aluminum scrap,refinery,1,aluminum scrap,6,water,2,alumina solution,-4,coal,-2,,,,,
assembly director system,assembler,80,assembly director system,1,,,adaptive control unit,-2,supercomputer,-1,,,,,
automated miner,assembler,60,portable miner,1,,,steel pipe,-4,iron plate,-4,,,,,
automated speed wiring,manufacturer,32,automated wiring,4,,,stator,-2,wire,-40,high-speed connector,-1,,,
automated wiring,assembler,24,automated wiring,1,,,stator,-1,cable,-20,,,,,
ballistic warp drive,manufacturer,60,ballistic warp drive,1,,,thermal propulsion rocket,-1,singularity cell,-5,superposition oscillator,-2,dark matter crystal,-40,
basic iron ingot,foundry,12,iron ingot,10,,,iron ore,-5,limestone,-8,,,,,
battery,blender,3,battery,1,water,1.5,sulfuric acid,-2.5,alumina solution,-2,aluminum casing,-1,,,
bauxite,miner,1.0,bauxite,4.0,,,,,,,,,,,
bauxite (caterium),converter,6,bauxite,12,,,reanimated sam,-1,caterium ore,-15,,,,,
bauxite (copper),converter,6,bauxite,12,,,reanimated sam,-1,copper ore,-18,,,,,
biochemical sculptor,blender,120,biochemical sculptor,4,,,assembly director system,-1,ficsite trigon,-80,water,-20,,,
biocoal,constructor,8,coal,6,,,biomass,-5,,,,,,,
biomass (alien protein),constructor,4,biomass,100,,,alien protein,-1,,,,,,,
biomass (leaves),constructor,5,biomass,5,,,leaves,-10,,,,,,,
biomass (mycelia),constructor,4,biomass,10,,,mycelia,-1,,,,,,,
biomass (wood),constructor,4,biomass,20,,,wood,-4,,,,,,,
black powder,assembler,4,black powder,2,,,coal,-1,sulfur,-1,,,,,
blue ficsmas ornament,smelter,12,blue ficsmas ornament,2,,,ficsmas gift,-1,,,,,,,
bolted frame,assembler,24,modular frame,2,,,reinforced iron plate,-3,screw,-56,,,,,
bolted iron plate,assembler,12,reinforced iron plate,3,,,iron plate,-18,screw,-50,,,,,
cable,constructor,2,cable,1,,,wire,-2,,,,,,,
candy cane,constructor,12,candy cane,1,,,ficsmas gift,-3,,,,,,,
cast screw,constructor,24,screw,20,,,iron ingot,-5,,,,,,,
caterium circuit board,assembler,48,circuit board,7,,,plastic,-10,quickwire,-30,,,,,
caterium computer,manufacturer,16,computer,1,,,circuit board,-4,quickwire,-14,rubber,-6,,,
caterium ingot,smelter,4,caterium ingot,1,,,caterium ore,-3,,,,,,,
caterium ore,miner,1.0,caterium ore,4.0,,,,,,,,,,,
caterium ore (copper),converter,6,caterium ore,12,,,reanimated sam,-1,copper ore,-15,,,,,
caterium ore (quartz),converter,6,caterium ore,12,,,reanimated sam,-1,raw quartz,-12,,,,,
caterium wire,constructor,4,wire,8,,,caterium ingot,-1,,,,,,,
charcoal,constructor,4,coal,10,,,wood,-1,,,,,,,
cheap silica,assembler,8,silica,7,,,raw quartz,-3,limestone,-5,,,,,
circuit board,assembler,8,circuit board,1,,,copper sheet,-2,plastic,-4,,,,,
classic battery,manufacturer,8,battery,4,,,sulfur,-6,alclad aluminum sheet,-7,plastic,-8,wire,-12,
cloudy diamonds,particle accelerator,3,diamonds,1,,,coal,-12,limestone,-24,,,,,-500
cluster nobelisk,assembler,24,cluster nobelisk,1,,,nobelisk,-3,smokeless powder,-4,,,,,
coal power,coal-powered generator,4,,,,,coal,-1,water,-3,,,,,
coal,miner,1.0,coal,4.0,,,,,,,,,,,
coal (iron),converter,6,coal,12,,,reanimated sam,-1,iron ore,-18,,,,,
coal (limestone),converter,6,coal,12,,,reanimated sam,-1,limestone,-36,,,,,
coated cable,refinery,8,cable,9,,,wire,-5,heavy oil residue,-2,,,,,
coated iron canister,assembler,4,empty canister,4,,,iron plate,-2,copper sheet,-1,,,,,
coated iron plate,assembler,8,iron plate,10,,,iron ingot,-5,plastic,-1,,,,,
coke steel ingot,foundry,12,steel ingot,20,,,iron ore,-15,petroleum coke,-15,,,,,
compacted coal,assembler,12,compacted coal,5,,,coal,-5,sulfur,-5,,,,,
compacted coal power,coal-powered generator,84,,,,,compacted coal,-10,water,-63,,,,,
compacted steel ingot,foundry,24,steel ingot,4,,,iron ore,-2,compacted coal,-1,,,,,
computer,manufacturer,24,computer,1,,,circuit board,-4,cable,-8,plastic,-16,,,
concrete,constructor,4,concrete,1,,,limestone,-3,,,,,,,
cooling device,blender,24,cooling system,2,,,heat sink,-4,motor,-1,nitrogen gas,-24,,,
cooling system,blender,10,cooling system,1,,,heat sink,-2,rubber,-2,water,-5,nitrogen gas,-25,
copper alloy ingot,foundry,6,copper ingot,10,,,copper ore,-5,iron ore,-5,,,,,
copper ficsmas ornament,foundry,12,copper ficsmas ornament,1,,,red ficsmas ornament,-2,copper ingot,-2,,,,,
copper ingot,smelter,2,copper ingot,1,,,copper ore,-1,,,,,,,
copper ore,miner,1.0,copper ore,4.0,,,,,,,,,,,
copper ore (quartz),converter,6,copper ore,12,,,reanimated sam,-1,raw quartz,-10,,,,,
copper ore (sulfur),converter,6,copper ore,12,,,reanimated sam,-1,sulfur,-12,,,,,
copper powder,constructor,6,copper powder,5,,,copper ingot,-30,,,,,,,
copper rotor,assembler,16,rotor,3,,,copper sheet,-6,screw,-52,,,,,
copper sheet,constructor,6,copper sheet,1,,,copper ingot,-2,,,,,,,
crude oil,oil extractor,1.0,crude oil,2.0,,,,,,,,,,,
crude oil (pressurized),resource well pressurizer,1.0,crude oil,1.0,,,,,,,,,,,
crystal computer,assembler,36,computer,2,,,circuit board,-3,crystal oscillator,-1,,,,,
crystal oscillator,manufacturer,120,crystal oscillator,2,,,quartz crystal,-36,cable,-28,reinforced iron plate,-5,,,
dark matter crystal,particle accelerator,2,dark matter crystal,1,,,diamonds,-1,dark matter residue,-5,,,,,-1000
dark matter crystallization,particle accelerator,3,dark matter crystal,1,,,dark matter residue,-10,,,,,,,-1000
dark matter residue,converter,6,dark matter residue,10,,,reanimated sam,-5,,,,,,,
dark matter trap,particle accelerator,2,dark matter crystal,2,,,time crystal,-1,dark matter residue,-5,,,,,-1000
dark-ion fuel,converter,3,ionized fuel,10,compacted coal,2,packaged rocket fuel,-12,dark matter crystal,-4,,,,,
diamonds,particle accelerator,2,diamonds,1,,,coal,-20,,,,,,,-500
diluted fuel,blender,6,fuel,10,,,heavy oil residue,-5,water,-10,,,,,
diluted packaged fuel,refinery,2,packaged fuel,2,,,heavy oil residue,-1,packaged water,-2,,,,,
distilled silica,blender,6,silica,27,water,8,dissolved silica,-12,limestone,-5,water,-10,,,
electric motor,assembler,16,motor,2,,,electromagnetic control rod,-1,rotor,-2,,,,,
electrode aluminum scrap,refinery,4,aluminum scrap,20,water,7,alumina solution,-12,petroleum coke,-4,,,,,
electrode circuit board,assembler,12,circuit board,1,,,rubber,-4,petroleum coke,-8,,,,,
electromagnetic connection rod,assembler,15,electromagnetic control rod,2,,,stator,-2,high-speed connector,-1,,,,,
electromagnetic control rod,assembler,30,electromagnetic control rod,2,,,stator,-3,ai limiter,-2,,,,,
empty canister,constructor,4,empty canister,4,,,plastic,-2,,,,,,,
empty fluid tank,constructor,1,empty fluid tank,1,,,aluminum ingot,-1,,,,,,,
encased industrial beam,assembler,10,encased industrial beam,1,,,steel beam,-3,concrete,-6,,,,,
encased industrial pipe,assembler,15,encased industrial beam,1,,,steel pipe,-6,concrete,-5,,,,,
encased plutonium cell,assembler,12,encased plutonium cell,1,,,plutonium pellet,-2,concrete,-4,,,,,
encased uranium cell,blender,12,encased uranium cell,5,sulfuric acid,2,uranium,-10,concrete,-3,sulfuric acid,-8,,,
excited photonic matter,converter,3,excited photonic matter,10,,,,,,,,,,,
explosive rebar,manufacturer,12,explosive rebar,1,,,iron rebar,-2,smokeless powder,-2,steel pipe,-2,,,
fabric,assembler,4,fabric,1,,,mycelia,-1,biomass,-5,,,,,
fancy fireworks,assembler,24,fancy fireworks,1,,,ficsmas tree branch,-4,ficsmas bow,-3,,,,,
fertile uranium,blender,12,non-fissile uranium,20,water,8,uranium,-5,uranium waste,-5,nitric acid,-3,sulfuric acid,-5,
ficsite ingot (aluminum),converter,2,ficsite ingot,1,,,reanimated sam,-2,aluminum ingot,-4,,,,,
ficsite ingot (caterium),converter,4,ficsite ingot,1,,,reanimated sam,-3,caterium ingot,-4,,,,,
ficsite ingot (iron),converter,6,ficsite ingot,1,,,reanimated sam,-4,iron ingot,-24,,,,,
ficsite trigon,constructor,6,ficsite trigon,3,,,ficsite ingot,-1,,,,,,,
ficsmas bow,constructor,12,ficsmas bow,1,,,ficsmas gift,-2,,,,,,,
ficsmas decoration,assembler,60,ficsmas decoration,2,,,ficsmas tree branch,-15,ficsmas ornament bundle,-6,,,,,
ficsmas ornament bundle,assembler,12,ficsmas ornament bundle,1,,,copper ficsmas ornament,-1,iron ficsmas ornament,-1,,,,,
ficsmas tree branch,constructor,6,ficsmas tree branch,1,,,ficsmas gift,-1,,,,,,,
ficsmas wonder star,assembler,60,ficsmas wonder star,1,,,ficsmas decoration,-5,candy cane,-20,,,,,
ficsonium,particle accelerator,6,ficsonium,1,,,plutonium waste,-1,singularity cell,-1,dark matter residue,-20,,,-1000
ficsonium fuel rod,quantum encoder,24,ficsonium fuel rod,1,dark matter residue,20,ficsonium,-2,electromagnetic control rod,-2,ficsite trigon,-40,excited photonic matter,-20,
ficsonium fuel rod power,nuclear power plant,60,,,,,ficsonium fuel rod,-1,water,-240,,,,,
fine black powder,assembler,8,black powder,6,,,sulfur,-1,compacted coal,-2,,,,,
fine concrete,assembler,12,concrete,10,,,silica,-3,limestone,-12,,,,,
flexible framework,manufacturer,16,versatile framework,2,,,modular frame,-1,steel beam,-6,rubber,-8,,,
fuel,refinery,6,fuel,4,polymer resin,3,crude oil,-6,,,,,,,
fuel power,fuel-powered generator,3,,,,,fuel,-1,,,,,,,
fused modular frame,blender,40,fused modular frame,1,,,heavy modular frame,-1,aluminum casing,-50,nitrogen gas,-25,,,
fused quartz crystal,foundry,20,quartz crystal,18,,,raw quartz,-25,coal,-12,,,,,
fused quickwire,assembler,8,quickwire,12,,,caterium ingot,-1,copper ingot,-5,,,,,
fused wire,assembler,20,wire,30,,,copper ingot,-4,caterium ingot,-1,,,,,
gas filter,manufacturer,8,gas filter,1,,,fabric,-2,coal,-4,iron plate,-2,,,
gas nobelisk,assembler,12,gas nobelisk,1,,,nobelisk,-1,biomass,-10,,,,,
hatcher protein,constructor,3,alien protein,1,,,hatcher remains,-1,,,,,,,
heat exchanger,assembler,6,heat sink,1,,,aluminum casing,-3,rubber,-3,,,,,
heat sink,assembler,8,heat sink,1,,,alclad aluminum sheet,-5,copper sheet,-3,,,,,
heat-fused frame,blender,20,fused modular frame,1,,,heavy modular frame,-1,aluminum ingot,-50,nitric acid,-8,fuel,-10,
heavy encased frame,manufacturer,64,heavy modular frame,3,,,modular frame,-8,encased industrial beam,-10,steel pipe,-36,concrete,-22,
heavy flexible frame,manufacturer,16,heavy modular frame,1,,,modular frame,-5,encased industrial beam,-3,rubber,-20,screw,-104,
heavy modular frame,manufacturer,30,heavy modular frame,1,,,modular frame,-5,steel pipe,-20,encased industrial beam,-5,screw,-120,
heavy oil residue,refinery,6,heavy oil residue,4,polymer resin,2,crude oil,-3,,,,,,,
high-speed connector,manufacturer,16,high-speed connector,1,,,quickwire,-56,cable,-10,circuit board,-1,,,
hog protein,constructor,3,alien protein,1,,,hog remains,-1,,,,,,,
homing rifle ammo,assembler,24,homing rifle ammo,10,,,rifle ammo,-20,high-speed connector,-1,,,,,
infused uranium cell,manufacturer,12,encased uranium cell,4,,,uranium,-5,silica,-3,sulfur,-5,quickwire,-15,
iron ore,miner,1.0,iron ore,4.0,,,,,,,,,,,
instant plutonium cell,particle accelerator,120,encased plutonium cell,20,,,non-fissile uranium,-150,aluminum casing,-20,,,,,-500
instant scrap,blender,6,aluminum scrap,30,water,5,bauxite,-15,coal,-10,sulfuric acid,-5,water,-6,
insulated cable,assembler,12,cable,20,,,wire,-9,rubber,-6,,,,,
insulated crystal oscillator,manufacturer,32,crystal oscillator,1,,,quartz crystal,-10,rubber,-7,ai limiter,-1,,,
iodine-infused filter,manufacturer,16,iodine-infused filter,1,,,gas filter,-1,quickwire,-8,aluminum casing,-1,,,
ionized fuel,refinery,24,ionized fuel,16,compacted coal,2,rocket fuel,-16,power shard,-1,,,,,
ionized fuel power,fuel-powered generator,20,,,,,ionized fuel,-1,,,,,,,
iron alloy ingot,foundry,12,iron ingot,15,,,iron ore,-8,copper ore,-2,,,,,
iron ficsmas ornament,foundry,12,iron ficsmas ornament,1,,,blue ficsmas ornament,-3,iron ingot,-3,,,,,
iron ingot,smelter,2,iron ingot,1,,,iron ore,-1,,,,,,,
iron ore (limestone),converter,6,iron ore,12,,,reanimated sam,-1,limestone,-24,,,,,
iron pipe,constructor,12,steel pipe,5,,,iron ingot,-20,,,,,,,
iron plate,constructor,6,iron plate,2,,,iron ingot,-3,,,,,,,
iron rebar,constructor,4,iron rebar,1,,,iron rod,-1,,,,,,,
iron rod,constructor,4,iron rod,1,,,iron ingot,-1,,,,,,,
iron wire,constructor,24,wire,9,,,iron ingot,-5,,,,,,,
leached caterium ingot,refinery,10,caterium ingot,6,,,caterium ore,-9,sulfuric acid,-5,,,,,
leached copper ingot,refinery,12,copper ingot,22,,,copper ore,-9,sulfuric acid,-5,,,,,
leached iron ingot,refinery,6,iron ingot,10,,,iron ore,-5,sulfuric acid,-1,,,,,
limestone,miner,1.0,limestone,4.0,,,,,,,,,,,
limestone (sulfur),converter,6,limestone,12,,,reanimated sam,-1,sulfur,-2,,,,,
liquid biofuel,refinery,4,liquid biofuel,4,,,solid biofuel,-6,water,-3,,,,,
liquid biofuel power,fuel-powered generator,3,,,,,liquid biofuel,-1,,,,,,,
magnetic field generator,assembler,120,magnetic field generator,2,,,versatile framework,-5,electromagnetic control rod,-2,,,,,
modular engine,manufacturer,60,modular engine,1,,,motor,-2,rubber,-15,smart plating,-2,,,
modular frame,assembler,60,modular frame,2,,,reinforced iron plate,-3,iron rod,-12,,,,,
molded beam,foundry,12,steel beam,9,,,steel ingot,-24,concrete,-16,,,,,
molded steel pipe,foundry,6,steel pipe,5,,,steel ingot,-5,concrete,-3,,,,,
motor,assembler,12,motor,1,,,rotor,-2,stator,-2,,,,,
neural-quantum processor,quantum encoder,20,neural-quantum processor,1,dark matter residue,25,time crystal,-5,supercomputer,-1,ficsite trigon,-15,excited photonic matter,-25,
nitric acid,blender,6,nitric acid,3,,,nitrogen gas,-12,water,-3,iron plate,-1,,,
nitro rocket fuel,blender,2.4,rocket fuel,6,compacted coal,1,fuel,-4,nitrogen gas,-3,sulfur,-4,coal,-2,
nitrogen gas,resource well pressurizer,1.0,nitrogen gas,1.0,,,,,,,,,,,
nitrogen gas (bauxite),converter,6,nitrogen gas,12,,,reanimated sam,-1,bauxite,-10,,,,,
nitrogen gas (caterium),converter,6,nitrogen gas,12,,,reanimated sam,-1,caterium ore,-12,,,,,
nobelisk,assembler,6,nobelisk,1,,,black powder,-2,steel pipe,-2,,,,,
non-fissile uranium,blender,24,non-fissile uranium,20,water,6,uranium waste,-15,silica,-10,nitric acid,-6,sulfuric acid,-6,
nuclear pasta,particle accelerator,120,nuclear pasta,1,,,copper powder,-200,pressure conversion cube,-1,,,,,-1000
nuke nobelisk,manufacturer,120,nuke nobelisk,1,,,nobelisk,-5,encased uranium cell,-20,smokeless powder,-10,ai limiter,-6,
oc supercomputer,assembler,20,supercomputer,1,,,radio control unit,-2,cooling system,-2,,,,,
oil-based diamonds,particle accelerator,3,diamonds,2,,,crude oil,-10,,,,,,,-500
packaged alumina solution,packager,1,packaged alumina solution,2,,,alumina solution,-2,empty canister,-2,,,,,
packaged fuel,packager,3,packaged fuel,2,,,fuel,-2,empty canister,-2,,,,,
packaged heavy oil residue,packager,4,packaged heavy oil residue,2,,,heavy oil residue,-2,empty canister,-2,,,,,
packaged ionized fuel,packager,3,packaged ionized fuel,2,,,ionized fuel,-4,empty fluid tank,-2,,,,,
packaged liquid biofuel,packager,3,packaged liquid biofuel,2,,,liquid biofuel,-2,empty canister,-2,,,,,
packaged nitric acid,packager,2,packaged nitric acid,1,,,nitric acid,-1,empty fluid tank,-1,,,,,
packaged nitrogen gas,packager,1,packaged nitrogen gas,1,,,nitrogen gas,-4,empty fluid tank,-1,,,,,
packaged oil,packager,4,packaged oil,2,,,crude oil,-2,empty canister,-2,,,,,
packaged rocket fuel,packager,1,packaged rocket fuel,1,,,rocket fuel,-2,empty fluid tank,-1,,,,,
packaged sulfuric acid,packager,3,packaged sulfuric acid,2,,,sulfuric acid,-2,empty canister,-2,,,,,
packaged turbofuel,packager,6,packaged turbofuel,2,,,turbofuel,-2,empty canister,-2,,,,,
packaged water,packager,2,packaged water,2,,,water,-2,empty canister,-2,,,,,
petroleum coke,refinery,6,petroleum coke,12,,,heavy oil residue,-4,,,,,,,
petroleum coke power,coal-powered generator,12,,,,,petroleum coke,-5,water,-9,,,,,
petroleum diamonds,particle accelerator,2,diamonds,1,,,petroleum coke,-24,,,,,,,-500
pink diamonds,converter,4,diamonds,1,,,coal,-8,quartz crystal,-3,,,,,
plastic,refinery,6,plastic,2,heavy oil residue,1,crude oil,-3,,,,,,,
plastic ai limiter,assembler,15,ai limiter,2,,,quickwire,-30,plastic,-7,,,,,
plastic smart plating,manufacturer,24,smart plating,2,,,reinforced iron plate,-1,rotor,-1,plastic,-3,,,
plutonium fuel rod,manufacturer,240,plutonium fuel rod,1,,,encased plutonium cell,-30,steel beam,-18,electromagnetic control rod,-6,heat sink,-10,
plutonium fuel rod power,nuclear power plant,600,plutonium waste,10,,,plutonium fuel rod,-1,water,-2400,,,,,
plutonium fuel unit,assembler,120,plutonium fuel rod,1,,,encased plutonium cell,-20,pressure conversion cube,-1,,,,,
plutonium pellet,particle accelerator,60,plutonium pellet,30,,,non-fissile uranium,-100,uranium waste,-25,,,,,-500
polyester fabric,refinery,2,fabric,1,,,polymer resin,-1,water,-1,,,,,
polymer resin,refinery,6,polymer resin,13,heavy oil residue,2,crude oil,-6,,,,,,,
power shard (1),constructor,8,power shard,1,,,blue power slug,-1,,,,,,,
power shard (2),constructor,12,power shard,2,,,yellow power slug,-1,,,,,,,
power shard (5),constructor,24,power shard,5,,,purple power slug,-1,,,,,,,
pressure conversion cube,assembler,60,pressure conversion cube,1,,,fused modular frame,-1,radio control unit,-2,,,,,
pulse nobelisk,assembler,60,pulse nobelisk,5,,,nobelisk,-5,crystal oscillator,-1,,,,,
pure aluminum ingot,smelter,2,aluminum ingot,1,,,aluminum scrap,-2,,,,,,,
pure caterium ingot,refinery,5,caterium ingot,1,,,caterium ore,-2,water,-2,,,,,
pure copper ingot,refinery,24,copper ingot,15,,,copper ore,-6,water,-4,,,,,
pure iron ingot,refinery,12,iron ingot,13,,,iron ore,-7,water,-4,,,,,
pure quartz crystal,refinery,8,quartz crystal,7,,,raw quartz,-9,water,-5,,,,,
quartz crystal,constructor,8,quartz crystal,3,,,raw quartz,-5,,,,,,,
quartz purification,refinery,12,quartz crystal,15,dissolved silica,12,raw quartz,-24,nitric acid,-2,,,,,
quickwire,constructor,5,quickwire,5,,,caterium ingot,-1,,,,,,,
quickwire cable,assembler,24,cable,11,,,quickwire,-3,rubber,-2,,,,,
quickwire stator,assembler,15,stator,2,,,steel pipe,-4,quickwire,-15,,,,,
radio connection unit,manufacturer,16,radio control unit,1,,,heat sink,-4,high-speed connector,-2,quartz crystal,-12,,,
radio control system,manufacturer,40,radio control unit,3,,,crystal oscillator,-1,circuit board,-10,aluminum casing,-60,rubber,-30,
radio control unit,manufacturer,48,radio control unit,2,,,aluminum casing,-32,crystal oscillator,-1,computer,-2,,,
raw quartz,miner,1.0,raw quartz,4.0,,,,,,,,,,,
raw quartz (bauxite),converter,6,raw quartz,12,,,reanimated sam,-1,bauxite,-10,,,,,
raw quartz (coal),converter,6,raw quartz,12,,,reanimated sam,-1,coal,-24,,,,,
reanimated sam,constructor,2,reanimated sam,1,,,sam,-4,,,,,,,
recycled plastic,refinery,12,plastic,12,,,rubber,-6,fuel,-6,,,,,
recycled rubber,refinery,12,rubber,12,,,plastic,-6,fuel,-6,,,,,
red ficsmas ornament,smelter,12,red ficsmas ornament,1,,,ficsmas gift,-1,,,,,,,
reinforced iron plate,assembler,12,reinforced iron plate,1,,,iron plate,-6,screw,-12,,,,,
residual fuel,refinery,6,fuel,4,,,heavy oil residue,-6,,,,,,,
residual plastic,refinery,6,plastic,2,,,polymer resin,-6,water,-2,,,,,
residual rubber,refinery,6,rubber,2,,,polymer resin,-4,water,-4,,,,,
rifle ammo,assembler,12,rifle ammo,15,,,copper sheet,-3,smokeless powder,-2,,,,,
rigor motor,manufacturer,48,motor,6,,,rotor,-3,stator,-3,crystal oscillator,-1,,,
rocket fuel,blender,6,rocket fuel,10,compacted coal,1,turbofuel,-6,nitric acid,-1,,,,,
rocket fuel power,fuel-powered generator,72,,,,,rocket fuel,-5,,,,,,,
rotor,assembler,15,rotor,1,,,iron rod,-5,screw,-25,,,,,
rubber,refinery,6,rubber,2,heavy oil residue,2,crude oil,-3,,,,,,,
rubber concrete,assembler,6,concrete,9,,,limestone,-10,rubber,-2,,,,,
sam,miner,1.0,sam,4.0,,,,,,,,,,,
sam fluctuator,manufacturer,6,sam fluctuator,1,,,reanimated sam,-6,wire,-5,steel pipe,-3,,,
screw,constructor,6,screw,4,,,iron rod,-1,,,,,,,
shatter rebar,assembler,12,shatter rebar,1,,,iron rebar,-2,quartz crystal,-3,,,,,
silica,constructor,8,silica,5,,,raw quartz,-3,,,,,,,
silicon circuit board,assembler,24,circuit board,5,,,copper sheet,-11,silica,-11,,,,,
silicon high-speed connector,manufacturer,40,high-speed connector,2,,,quickwire,-60,silica,-25,circuit board,-2,,,
singularity cell,manufacturer,60,singularity cell,10,,,nuclear pasta,-1,dark matter crystal,-20,iron plate,-100,concrete,-200,
sloppy alumina,refinery,3,alumina solution,12,,,bauxite,-10,water,-10,,,,,
smart plating,assembler,30,smart plating,1,,,reinforced iron plate,-1,rotor,-1,,,,,
smokeless powder,refinery,6,smokeless powder,2,,,black powder,-2,heavy oil residue,-1,,,,,
snowball,constructor,12,snowball,1,,,actual snow,-3,,,,,,,
solid biofuel,constructor,4,solid biofuel,4,,,biomass,-8,,,,,,,
solid biofuel power,biomass burner,15,,,,,solid biofuel,-1,,,,,,,
solid steel ingot,foundry,3,steel ingot,3,,,iron ingot,-2,coal,-2,,,,,
sparkly fireworks,assembler,24,sparkly fireworks,1,,,ficsmas tree branch,-3,actual snow,-2,,,,,
spitter protein,constructor,3,alien protein,1,,,spitter remains,-1,,,,,,,
stator,assembler,12,stator,1,,,steel pipe,-3,wire,-8,,,,,
steamed copper sheet,refinery,8,copper sheet,3,,,copper ingot,-3,water,-3,,,,,
steel beam,constructor,4,steel beam,1,,,steel ingot,-4,,,,,,,
steel canister,constructor,6,empty canister,4,,,steel ingot,-4,,,,,,,
steel cast plate,foundry,4,iron plate,3,,,iron ingot,-1,steel ingot,-1,,,,,
steel ingot,foundry,4,steel ingot,3,,,iron ore,-3,coal,-3,,,,,
steel pipe,constructor,6,steel pipe,2,,,steel ingot,-3,,,,,,,
steel rod,constructor,5,iron rod,4,,,steel ingot,-1,,,,,,,
steel rotor,assembler,12,rotor,1,,,steel pipe,-2,wire,-6,,,,,
steel screw,constructor,12,screw,52,,,steel beam,-1,,,,,,,
steeled frame,assembler,60,modular frame,3,,,reinforced iron plate,-2,steel pipe,-10,,,,,
stinger protein,constructor,3,alien protein,1,,,stinger remains,-1,,,,,,,
stitched iron plate,assembler,32,reinforced iron plate,3,,,iron plate,-10,wire,-20,,,,,
stun rebar,assembler,6,stun rebar,1,,,iron rebar,-1,quickwire,-5,,,,,
sulfur,miner,1.0,sulfur,4.0,,,,,,,,,,,
sulfur (coal),converter,6,sulfur,12,,,reanimated sam,-1,coal,-20,,,,,
sulfur (iron),converter,6,sulfur,12,,,reanimated sam,-1,iron ore,-30,,,,,
sulfuric acid,refinery,6,sulfuric acid,5,,,sulfur,-5,water,-5,,,,,
super-state computer,manufacturer,25,supercomputer,1,,,computer,-3,electromagnetic control rod,-1,battery,-10,wire,-25,
supercomputer,manufacturer,32,supercomputer,1,,,computer,-4,ai limiter,-2,high-speed connector,-3,plastic,-28,
superposition oscillator,quantum encoder,12,superposition oscillator,1,dark matter residue,25,dark matter crystal,-6,crystal oscillator,-1,alclad aluminum sheet,-9,excited photonic matter,-25,
sweet fireworks,assembler,24,sweet fireworks,1,,,ficsmas tree branch,-6,candy cane,-3,,,,,
synthetic power shard,quantum encoder,12,power shard,1,dark matter residue,12,time crystal,-2,dark matter crystal,-2,quartz crystal,-12,excited photonic matter,-12,
tempered caterium ingot,foundry,8,caterium ingot,3,,,caterium ore,-6,petroleum coke,-2,,,,,
tempered copper ingot,foundry,12,copper ingot,12,,,copper ore,-5,petroleum coke,-8,,,,,
thermal propulsion rocket,manufacturer,120,thermal propulsion rocket,2,,,modular engine,-5,turbo motor,-2,cooling system,-6,fused modular frame,-2,
time crystal,converter,10,time crystal,1,,,diamonds,-2,,,,,,,
turbo blend fuel,blender,8,turbofuel,6,,,fuel,-2,heavy oil residue,-4,sulfur,-3,petroleum coke,-3,
turbo diamonds,particle accelerator,3,diamonds,3,,,coal,-30,packaged turbofuel,-2,,,,,-500
turbo electric motor,manufacturer,64,turbo motor,3,,,motor,-7,radio control unit,-9,electromagnetic control rod,-5,rotor,-7,
turbo heavy fuel,refinery,8,turbofuel,4,,,heavy oil residue,-5,compacted coal,-4,,,,,
turbo motor,manufacturer,32,turbo motor,1,,,cooling system,-4,radio control unit,-2,motor,-4,rubber,-24,
turbo pressure motor,manufacturer,32,turbo motor,2,,,motor,-4,pressure conversion cube,-1,packaged nitrogen gas,-24,stator,-8,
turbo rifle ammo,manufacturer,12,turbo rifle ammo,50,,,rifle ammo,-25,aluminum casing,-3,packaged turbofuel,-3,,,
turbo rifle ammo (blender),blender,12,turbo rifle ammo,50,,,rifle ammo,-25,aluminum casing,-3,turbofuel,-3,,,
turbofuel,refinery,16,turbofuel,5,,,fuel,-6,compacted coal,-4,,,,,
turbofuel power,fuel-powered generator,8,,,,,turbofuel,-1,,,,,,,
unpackage alumina solution,packager,1,alumina solution,2,empty canister,2,packaged alumina solution,-2,,,,,,,
unpackage fuel,packager,2,fuel,2,empty canister,2,packaged fuel,-2,,,,,,,
unpackage heavy oil residue,packager,6,heavy oil residue,2,empty canister,2,packaged heavy oil residue,-2,,,,,,,
unpackage ionized fuel,packager,3,ionized fuel,4,empty fluid tank,2,packaged ionized fuel,-2,,,,,,,
unpackage liquid biofuel,packager,2,liquid biofuel,2,empty canister,2,packaged liquid biofuel,-2,,,,,,,
unpackage nitric acid,packager,3,nitric acid,1,empty fluid tank,1,packaged nitric acid,-1,,,,,,,
unpackage nitrogen gas,packager,1,nitrogen gas,4,empty fluid tank,1,packaged nitrogen gas,-1,,,,,,,
unpackage oil,packager,2,crude oil,2,empty canister,2,packaged oil,-2,,,,,,,
unpackage rocket fuel,packager,1,rocket fuel,2,empty fluid tank,1,packaged rocket fuel,-1,,,,,,,
unpackage sulfuric acid,packager,1,sulfuric acid,1,empty canister,1,packaged sulfuric acid,-1,,,,,,,
unpackage turbofuel,packager,6,turbofuel,2,empty canister,2,packaged turbofuel,-2,,,,,,,
unpackage water,packager,1,water,2,empty canister,2,packaged water,-2,,,,,,,
uranium,miner,1.0,uranium,4.0,,,,,,,,,,,
uranium fuel rod,manufacturer,150,uranium fuel rod,1,,,encased uranium cell,-50,encased industrial beam,-3,electromagnetic control rod,-5,,,
uranium fuel rod power,nuclear power plant,300,uranium waste,50,,,uranium fuel rod,-1,water,-1200,,,,,
uranium fuel unit,manufacturer,300,uranium fuel rod,3,,,encased uranium cell,-100,electromagnetic control rod,-10,crystal oscillator,-3,rotor,-10,
uranium (bauxite),converter,6,uranium,12,,,reanimated sam,-1,bauxite,-48,,,,,
versatile framework,assembler,24,versatile framework,2,,,modular frame,-1,steel beam,-12,,,,,
water,water extractor,1.0,water,2.0,,,,,,,,,,,
water (pressurized),resource well pressurizer,1.0,water,1.0,,,,,,,,,,,
wet concrete,refinery,3,concrete,4,,,limestone,-6,water,-5,,,,,
wire,constructor,4,wire,2,,,copper ingot,-1,,,,,,,
